name,email,street,city,state,zipcode
Pegeen Larne,plarne0@imdb.com,5699 Arizona Avenue,Minneapolis,Minnesota,55407
Sydelle Hillock,shillock1@trellian.com,81 Cascade Hill,Houston,Texas,77055
Jesse Cheek,jcheek2@yale.edu,078 Amoth Trail,Hartford,Connecticut,06152
Evyn Aharoni,eaharoni3@weebly.com,85769 Susan Center,Nashville,Tennessee,37205
Gianina Chastang,gchastang4@eepurl.com,0471 Esker Parkway,Bloomington,Indiana,47405
Magdalena Riglesford,mriglesford5@virginia.edu,8 Loomis Alley,Tempe,Arizona,85284
Eve Trenam,etrenam6@i2i.jp,309 Granby Way,Peoria,Illinois,61635
Charlie Farquhar,cfarquhar7@shutterfly.com,2902 Ridge Oak Way,Lafayette,Indiana,47905
Boris Howland,bhowland8@boston.com,8028 Tomscot Center,Anchorage,Alaska,99507
Susie Marklow,smarklow9@nydailynews.com,99 East Crossing,Hollywood,Florida,33028
Melisenda Maytum,mmaytuma@salon.com,571 Knutson Court,Indianapolis,Indiana,46226
Addy Padefield,apadefieldb@nationalgeographic.com,86 Sutherland Drive,Cedar Rapids,Iowa,52405
Tamara Yushkov,tyushkovc@ftc.gov,2675 North Street,Brockton,Massachusetts,02405
Yoshiko Beedon,ybeedond@guardian.co.uk,0624 Roth Way,Huntington,West Virginia,25770
Clementine Zoephel,czoephele@cnbc.com,8 Rigney Trail,New York City,New York,10019
Elaine Kensall,ekensallf@senate.gov,648 Bonner Hill,Athens,Georgia,30610
Amandie Tue,atueg@shop-pro.jp,83854 Valley Edge Point,San Diego,California,92170
Drud Lenihan,dlenihanh@linkedin.com,611 Blue Bill Park Crossing,Monroe,Louisiana,71208
Molly Rubert,mruberti@wikimedia.org,4 Russell Circle,Phoenix,Arizona,85045
Wang Holleworth,wholleworthj@ucoz.com,76 Springs Junction,Shreveport,Louisiana,71151
Ryley Skamell,rskamellk@theguardian.com,8 Anderson Alley,Augusta,Georgia,30919
Bevvy Laugheran,blaugheranl@tuttocitta.it,39110 Stuart Alley,Racine,Wisconsin,53405
Micheil Gynne,mgynnem@bigcartel.com,891 Burrows Center,Shreveport,Louisiana,71105
Shandee Danniell,sdannielln@biblegateway.com,04 Rusk Lane,Atlanta,Georgia,30386
Amitie Marcombe,amarcombeo@etsy.com,25002 Leroy Circle,Wilkes Barre,Pennsylvania,18763
Launce Blenkhorn,lblenkhornp@aboutads.info,07 Dwight Junction,Tuscaloosa,Alabama,35487
Kale Summers,ksummersq@admin.ch,19 Waywood Street,Pasadena,California,91103
Osborne Threlkeld,othrelkeldr@vk.com,6737 Thackeray Park,Denver,Colorado,80243
Salmon Lembcke,slembckes@ehow.com,632 Vermont Court,Scottsdale,Arizona,85255
Louise McAlinden,lmcalindent@sun.com,113 Southridge Terrace,Chesapeake,Virginia,23324
Kissie Ondrak,kondraku@huffingtonpost.com,416 Prentice Way,Canton,Ohio,44760
Dorothea Dummer,ddummerv@google.pl,900 Hoepker Trail,San Francisco,California,94164
Ashlan Spelman,aspelmanw@histats.com,4777 Sutteridge Pass,El Paso,Texas,79945
Kati Brantzen,kbrantzenx@arizona.edu,6564 Vera Way,Los Angeles,California,90065
Symon Doiley,sdoileyy@ovh.net,1674 Pond Hill,Orlando,Florida,32868
Katharine Wohler,kwohlerz@sciencedirect.com,723 Monument Place,Fresno,California,93704
Wini Keslake,wkeslake10@cmu.edu,2 Grasskamp Crossing,Louisville,Kentucky,40287
Loreen Skittles,lskittles11@netvibes.com,2 Schiller Lane,Omaha,Nebraska,68164
Ronald Vallentin,rvallentin12@pcworld.com,609 Katie Crossing,Chattanooga,Tennessee,37405
Min Volkers,mvolkers13@wisc.edu,584 Merry Avenue,Washington,District of Columbia,20392
Ailyn Bentham,abentham14@yellowpages.com,67 Oneill Point,Muncie,Indiana,47306
Fabe Raftery,fraftery15@nature.com,13 Grayhawk Court,San Bernardino,California,92424
Holly Gaddie,hgaddie16@netlog.com,13448 Ohio Avenue,Brooklyn,New York,11215
Wenonah Jordanson,wjordanson17@wikia.com,34 Rockefeller Pass,Knoxville,Tennessee,37914
Leigha Schulkins,lschulkins18@themeforest.net,5 Trailsway Street,San Bernardino,California,92415
Sosanna Detheridge,sdetheridge19@timesonline.co.uk,6658 Brickson Park Terrace,Odessa,Texas,79764
Constantia Trevenu,ctrevenu1a@indiegogo.com,30274 Spaight Circle,Oakland,California,94616
Reade Sisey,rsisey1b@npr.org,829 Schmedeman Court,Springfield,Massachusetts,01129
Georg Fligg,gfligg1c@reddit.com,490 Springs Pass,Louisville,Kentucky,40256
Josefa Robrow,jrobrow1d@cnn.com,96130 Hayes Plaza,Camden,New Jersey,08104
Demetria Lowles,dlowles1e@deviantart.com,62 Stoughton Avenue,San Antonio,Texas,78220
Yuma Mealiffe,ymealiffe1f@eepurl.com,77 Hayes Plaza,Raleigh,North Carolina,27621
Eyde Roussell,eroussell1g@xinhuanet.com,40678 Buena Vista Street,Waco,Texas,76705
Libbi Bridgen,lbridgen1h@goo.gl,71 Lerdahl Circle,Sacramento,California,94230
Aloisia Daniels,adaniels1i@so-net.ne.jp,02 Anhalt Hill,Harrisburg,Pennsylvania,17110
Whitman Tabbernor,wtabbernor1j@umn.edu,86 Hollow Ridge Pass,Dayton,Ohio,45470
Oralie Matus,omatus1k@timesonline.co.uk,7 Pankratz Parkway,Stamford,Connecticut,06905
Virgie Renfield,vrenfield1l@dailymail.co.uk,165 Fordem Junction,Daytona Beach,Florida,32128
Deb Glassard,dglassard1m@flickr.com,8 Swallow Park,Pittsburgh,Pennsylvania,15225
Drucill Fidell,dfidell1n@cyberchimps.com,8248 Bunker Hill Road,Gilbert,Arizona,85297
Fonsie Arney,farney1o@bloomberg.com,4520 Paget Court,Santa Cruz,California,95064
Zaneta Paske,zpaske1p@sina.com.cn,934 Garrison Court,Monticello,Minnesota,55565
Wylma Andryszczak,wandryszczak1q@imgur.com,5524 Mesta Crossing,Billings,Montana,59105
Susanne Hallitt,shallitt1r@flavors.me,7 Erie Way,Flushing,New York,11388
Almeda Blezard,ablezard1s@wordpress.com,72135 Dottie Park,Topeka,Kansas,66622
Maggie Knight,mknight1t@pcworld.com,106 Buell Hill,Kansas City,Missouri,64160
Emmery Lacer,elacer1u@typepad.com,90363 Oxford Parkway,Washington,District of Columbia,20078
Uriel Mangon,umangon1v@spiegel.de,4 Coolidge Center,Jamaica,New York,11480
Jamill Rudgley,jrudgley1w@usnews.com,3 Weeping Birch Trail,San Diego,California,92160
Clem McCann,cmccann1x@time.com,9 Mayer Parkway,Largo,Florida,33777
Tamra Crichmere,tcrichmere1y@examiner.com,704 Monument Hill,New York City,New York,10260
Arney Gaggen,agaggen1z@xinhuanet.com,985 Buhler Point,New Hyde Park,New York,11044
Trumaine Goodier,tgoodier20@ning.com,37274 Elgar Avenue,Huntsville,Alabama,35815
Kirstyn Pettifor,kpettifor21@ovh.net,7 Chive Road,Portland,Oregon,97229
Kile Megany,kmegany22@qq.com,0936 Melvin Center,Jamaica,New York,11480
Shawn Weond,sweond23@networkadvertising.org,2 Kensington Crossing,San Antonio,Texas,78225
Carolin De Hooch,cde24@salon.com,5 Northwestern Alley,San Antonio,Texas,78291
Valene Seally,vseally25@goo.ne.jp,180 Oakridge Point,Waterloo,Iowa,50706
Alleen Cowley,acowley26@hibu.com,35386 Cascade Trail,Fresno,California,93740
Napoleon Sowden,nsowden27@g.co,4 Elka Alley,Decatur,Georgia,30089
Vincenz Comellini,vcomellini28@linkedin.com,80526 Shasta Alley,Charleston,West Virginia,25313
Norton Neachell,nneachell29@clickbank.net,2 Oxford Avenue,Birmingham,Alabama,35215
Bobbee Lecointe,blecointe2a@hhs.gov,98584 American Ash Parkway,Washington,District of Columbia,20508
Roldan Plumm,rplumm2b@macromedia.com,6605 Cherokee Pass,Seattle,Washington,98185
Holli Meineking,hmeineking2c@xing.com,7747 Dunning Junction,Wilkes Barre,Pennsylvania,18768
Cacilia Horribine,chorribine2d@auda.org.au,3690 Lawn Park,Washington,District of Columbia,20238
Atalanta Shark,ashark2e@apple.com,485 Porter Hill,Washington,District of Columbia,20392
Jimmie Doolan,jdoolan2f@ca.gov,6773 Roxbury Point,Pittsburgh,Pennsylvania,15230
Osmund Szabo,oszabo2g@si.edu,915 Laurel Crossing,Albany,New York,12227
Randie Dare,rdare2h@topsy.com,55773 Summerview Terrace,Las Vegas,Nevada,89110
Evin Kisting,ekisting2i@google.co.uk,89 Daystar Point,Maple Plain,Minnesota,55572
Genna Chazelas,gchazelas2j@seesaa.net,013 Goodland Alley,Huntsville,Alabama,35805
Laraine Scamerdine,lscamerdine2k@yahoo.co.jp,39206 Springs Trail,Winston Salem,North Carolina,27150
Berry Dugget,bdugget2l@angelfire.com,1 Fairfield Alley,Los Angeles,California,90087
Gustie Paragreen,gparagreen2m@china.com.cn,54 Corscot Road,Raleigh,North Carolina,27690
Kaycee Curedell,kcuredell2n@yellowpages.com,57135 Oak Valley Terrace,Arlington,Virginia,22244
Carri Drewell,cdrewell2o@tripadvisor.com,867 Lyons Center,Beaumont,Texas,77713
Taber Moynham,tmoynham2p@blinklist.com,99 Karstens Way,Evansville,Indiana,47732
Brandie Gebhard,bgebhard2q@examiner.com,23 Lakeland Parkway,Phoenix,Arizona,85030
Rossy Lubbock,rlubbock2r@yelp.com,6 Shopko Place,Lake Charles,Louisiana,70607
